Date,Day,Quantity,Total,Profit,Category
01-10-2023,Sunday,147,16770,2564,"Veg Shawarma, Non Veg Shawarma, Desserts, Open Veg Shawarma, Open Non Veg Shawarma, Non Veg Salad, Fries, Extras, Veg Momos, Non Veg Momos, Coolers, Frappes, Beverages"
02-10-2023,Monday,125,11740,1052,"Veg Shawarma, Non Veg Shawarma, Platters, Desserts, Non Veg Salad, Extras, Veg Momos, Non Veg Momos, Non Veg Grillers, Coolers, Frappes, Beverages"
03-10-2023,Tuesday,112,10215,985,"Veg Shawarma, Non Veg Shawarma, Desserts, Open Veg Shawarma, Veg Salad, Fries, Extras, Veg Momos, Veg Grillers, Veg Rice Bowl, Coolers, Frappes, Beverages"
04-10-2023,Wednesday,128,13525,1354,"Veg Shawarma, Non Veg Shawarma, Platters, Desserts, Open Veg Shawarma, Open Non Veg Shawarma, Non Veg Salad, Extras, Non Veg Momos, Frappes, Beverages"
05-10-2023,Thursday,104,13510,989,"Veg Shawarma, Non Veg Shawarma, Platters, Open Veg Shawarma, Non Veg Salad, Fries, Extras, Veg Momos, Non Veg Momos, Veg Grillers, Coolers, Frappes, Beverages"
06-10-2023,Friday,115,15295,2541,"Veg Shawarma, Non Veg Shawarma, Desserts, Open Non Veg Shawarma,  Veg Salad, Non Veg Salad, Fries, Extras, Non Veg Momos, Veg Grillers, Coolers, Beverages"
07-10-2023,Saturday,126,89255,1569,"Veg Shawarma, Non Veg Shawarma, Platters, Open Veg Shawarma, Non Veg Salad, Fries, Extras, Non Veg Momos, Coolers, Frappes, Beverages"
08-10-2023,Sunday,132,16480,3547,"Veg Shawarma, Non Veg Shawarma, Desserts, Open Non Veg Shawarma, Non Veg Salad, Extras, Non Veg Momos, Veg Grillers, Non Veg Rice Bowl, Frappes, Beverages"
09-10-2023,Monday,113,11510,2549,"Veg Shawarma, Non Veg Shawarma, Platters, Desserts, Open Veg Shawarma, Non Veg Salad, Fries, Veg Momos, Veg Rice Bowl, Frappes, Beverages"
10-10-2023,Tuesday,112,10215,1365,"Veg Shawarma, Non Veg Shawarma, Desserts, Open Veg Shawarma, Veg Salad, Fries, Extras, Veg Momos, Coolers, Frappes, Beverages"
11-10-2023,Wednesday,125,13520,2568,"Non Veg Shawarma, Platters, Open Non Veg Shawarma, Veg Salad, Non Veg Salad, Fries, Veg Momos, Non Veg Momos, Non Veg Grillers, Coolers, Frappes, Beverages"
12-10-2023,Thursday,99,10780,962,"Veg Shawarma, Non Veg Shawarma, Desserts, Open Veg Shawarma, Veg Salad, Fries, Extras, Veg Momos, Veg Momos, Veg Grillers, Coolers, Beverages"
13-10-2023,Friday,126,15845,2541,"Veg Shawarma, Non Veg Shawarma, Desserts, Non Veg Salad, Extras, Veg Momos, Non Veg Momos, Veg Rice Bowl, Coolers, Beverages"
14-10-2023,Saturday,103,13640,989,"Veg Shawarma, Non Veg Shawarma, Platters, Desserts, Open Veg Shawarma, Veg Salad, Fries, Extras, Veg Momos, Veg Grillers, Veg Rice Bowl, Coolers, Beverages"
15-10-2023,Sunday,155,18745,2753,"Veg Shawarma, Non Veg Shawarma, Desserts, Open Veg Shawarma, Open Non Veg Shawarma, Non Veg Salad, Veg Momos, Non Veg Momos, Veg Grillers, Coolers, Frappes, Beverages"
16-10-2023,Monday,111,15240,2334,"Veg Shawarma, Non Veg Shawarma, Desserts, Open Veg Shawarma, Veg Salad, Fries, Veg Momos, Veg Grillers, Veg Rice Bowl, Coolers, Beverages"
17-10-2023,Tuesday,102,99525,2445,"Veg Shawarma, Non Veg Shawarma, Platters, Desserts, Open Veg Shawarma, Veg Salad, Extras, Veg Momos, Coolers, Frappes, Beverages"
18-10-2023,Wednesday,115,14530,913,"Veg Shawarma, Non Veg Shawarma, Desserts, Open Veg Shawarma, Open Non Veg Shawarma, Non Veg Salad, Fries, Extras, Non Veg Momos, Non Veg Grillers, Coolers, Frappes, Beverages"
19-10-2023,Thursday,109,11445,1743,"Veg Shawarma, Platters, Open Veg Shawarma, Veg Salad, Fries, Extras, Veg Momos, Veg Grillers, Frappes, Beverages"
20-10-2023,Friday,124,14645,1464,"Veg Shawarma, Non Veg Shawarma, Platters, Desserts, Open Non Veg Shawarma, Non Veg Salad, Fries, Non Veg Momos, Non Veg Rice Bowl, Beverages"
21-10-2023,Saturday,113,12450,1158,"Veg Shawarma, Non Veg Shawarma, Platters, Desserts, Open Non Veg Shawarma, Non Veg Salad, Extras, Non Veg Momos, Frappes, Beverages"
22-10-2023,Sunday,165,19550,2145,"Veg Shawarma, Non Veg Shawarma, Platters, Open Non Veg Shawarma, Non Veg Salad, Non Veg Momos, Veg Grillers, Coolers, Frappes, Beverages"
23-10-2023,Monday,101,10120,1275,"Veg Shawarma, Non Veg Shawarma, Platters, Desserts, Open Non Veg Shawarma,  Non Veg Salad, Extras, Non Veg Momos, Veg Grillers, Coolers, Frappes, Beverages"
24-10-2023,Tuesday,97,99515,3234,"Veg Shawarma, Non Veg Shawarma, Desserts, Veg Salad, Fries, Veg Momos, Non Veg Momos, Veg Rice Bowl, Coolers, Frappes, Beverages"
25-10-2023,Wednesday,126,14520,2745,"Non Veg Shawarma, Platters, Desserts, Open Veg Shawarma, Open Non Veg Shawarma, Non Veg Salad, Fries, Non Veg Momos, Coolers, Frappes, Beverages"
26-10-2023,Thursday,109,11545,1451,"Veg Shawarma, Non Veg Shawarma, Platters, Veg Salad, Non Veg Salad, Fries, Extras, Veg Momos, Veg Rice Bowl, Coolers, Frappes, Beverages"
27-10-2023,Friday,122,16235,2873,"Veg Shawarma, Non Veg Shawarma, Open Non Veg Shawarma, Non Veg Salad, Fries, Extras, Veg Momos, Veg Grillers, Coolers, Frappes, Beverages"
28-10-2023,Saturday,113,14695,1360,"Veg Shawarma, Non Veg Shawarma, Desserts, Open Veg Shawarma, Veg Salad, Fries, Extras, Veg Momos, Veg Momos, Veg Grillers, Coolers, Beverages"
29-10-2023,Sunday,166,17855,2580,"Non Veg Shawarma, Platters, Desserts, Open Non Veg Shawarma, Veg Salad, Non Veg Salad, Fries, Veg Momos, Non Veg Momos, Coolers, Frappes, Beverages"
30-10-2023,Monday,102,11235,1522,"Veg Shawarma, Non Veg Shawarma, Open Veg Shawarma, Platters, Desserts, Open Veg Shawarma, Veg Salad, Extras, Veg Momos, Coolers, Beverages"
31-10-2023,Tuesday,97,10110,1709,"Veg Shawarma, Non Veg Shawarma, Desserts, Open Veg Shawarma, Veg Salad, Fries, Extras, Veg Momos, Coolers, Frappes, Beverages"
01-11-2023,Wednesday,121,14560,1345,"Veg Shawarma, Non Veg Shawarma, Desserts, Open Veg Shawarma, Open Non Veg Shawarma, Fries, Extras, Non Veg Momos, Non Veg Grillers, Coolers, Frappes, Beverages"
02-11-2023,Thursday,110,11955,1687,"Veg Shawarma, Non Veg Shawarma, Desserts, Open Non Veg Shawarma, Veg Salad, Non Veg Salad, Fries, Extras, Veg Momos, Coolers, Frappes, Beverages"
03-11-2023,Friday,122,14275,1287,"Veg Shawarma, Non Veg Shawarma, Platters, Desserts, Non Veg Salad,, Extras, Veg Momos, Non Veg Momos, Non Veg Rice Bowl, Coolers, Beverages"
04-11-2023,Saturday,94,89245,978,"Veg Shawarma, Non Veg Shawarma, Desserts, Open Non Veg Shawarma, Veg Salad, Non Veg Salad,Non Veg Momos, Veg Grillers, Beverages"
05-11-2023,Sunday,137,16770,1576,"Veg Shawarma, Non Veg Shawarma, Platters, Desserts, Open Non Veg Shawarma, Non Veg Salad, Fries, Extras, Non Veg Momos, Non Veg Grillers, Coolers, Frappes, Beverages"
06-11-2023,Monday,116,11740,1037,"Veg Shawarma, Non Veg Shawarma, Platters, Veg Salad, Veg Salad, Non Veg Salad, Fries, Extras, Non Veg Momos, Veg Rice Bowl, Frappes, Beverages"
07-11-2023,Tuesday,104,10215,1538,"Veg Shawarma, Non Veg Shawarma, Desserts, Open Veg Shawarma, Veg Salad, Fries, Extras, Veg Momos, Non Veg Momos, Veg Grillers, Coolers, Beverages"
08-11-2023,Wednesday,121,13525,1387,"Veg Shawarma, Non Veg Shawarma, Platters, Desserts, Open Veg Shawarma, Open Non Veg Shawarma, Non Veg Salad, Fries, Extras, Non Veg Momos, Coolers, Beverages"
09-11-2023,Thursday,108,13510,2983,"Veg Shawarma, Non Veg Shawarma, Platters, Open Veg Shawarma, Fries, Extras, Veg Momos, Non Veg Momos, Veg Grillers, Veg Rice Bowl, Coolers, Beverages"
10-11-2023,Friday,135,15295,1456,"Non Veg Shawarma, Platters, Desserts, Open Veg Shawarma, Open Non Veg Shawarma,  Veg Salad, Veg Salad, Non Veg Salad, Fries, Non Veg Momos, Non Veg Grillers, Coolers, Frappes, Beverages"
11-11-2023,Saturday,124,89255,939,"Veg Shawarma, Non Veg Shawarma, Desserts, Open Veg Shawarma, Open Non Veg Shawarma, Veg Salad, Non Veg Salad,Non Veg Momos, Veg Grillers, Beverages"
12-11-2023,Sunday,157,16480,1789,"Veg Shawarma, Non Veg Shawarma, Platters, Desserts, Open Non Veg Shawarma, Non Veg Salad, Fries, Extras, Non Veg Momos, Non Veg Grillers, Frappes, Beverages"
13-11-2023,Monday,124,11510,1265,"Veg Shawarma, Non Veg Shawarma, Platters, Desserts, Open Veg Shawarma, Non Veg Salad, Fries, Extras, Veg Momos, Non Veg Grillers, Coolers, Beverages"
14-11-2023,Tuesday,114,10215,1237,"Veg Shawarma, Non Veg Shawarma, Platters, Desserts, Open Veg Shawarma, Veg Salad, Extras, Veg Momos, Coolers, Frappes, Beverages"
15-11-2023,Wednesday,138,13520,1435,"Non Veg Shawarma, Platters, Desserts, Open Non Veg Shawarma, Non Veg Salad, Non Veg Momos, Non Veg Grillers, Coolers, Beverages"
16-11-2023,Thursday,105,10780,2438,"Veg Shawarma, Desserts, Open Veg Shawarma, Non Veg Salad, Fries, Extras, Veg Momos, Veg Grillers, Coolers, Beverages"
17-11-2023,Friday,113,15845,1045,"Veg Shawarma, Non Veg Shawarma, Platters, Desserts, Non Veg Salad, Extras, Veg Momos, Non Veg Momos, Non Veg Grillers, Coolers, Beverages"
18-11-2023,Saturday,127,13640,989,"Veg Shawarma, Non Veg Shawarma, Open Veg Shawarma, Open Non Veg Shawarma, Veg Salad, Non Veg Salad,Non Veg Momos, Coolers, Beverages"
19-11-2023,Sunday,142,18745,1254,"Non Veg Shawarma, Platters, Desserts, Open Veg Shawarma, Open Non Veg Shawarma, Veg Salad, Non Veg Salad, Fries, Non Veg Momos, Non Veg Grillers, Frappes, Beverages"
20-11-2023,Monday,114,15240,1678,"Veg Shawarma, Non Veg Shawarma, Desserts, Open Veg Shawarma, Open Non Veg Shawarma, Veg Salad, Fries, Extras, Veg Momos, Non Veg Momos, Veg Grillers, Coolers, Beverages"
21-11-2023,Tuesday,102,11615,1378,"Veg Shawarma, Non Veg Shawarma, Desserts, Open Non Veg Shawarma, Veg Salad, Extras, Veg Momos, Non Veg Momos, Veg Grillers, Coolers, Frappes, Beverages"
22-11-2023,Wednesday,115,15450,1364,"Veg Shawarma, Non Veg Shawarma, Platters, Desserts, Open Veg Shawarma, Open Non Veg Shawarma, Non Veg Salad, Fries, Extras, Non Veg Momos, Coolers, Frappes, Beverages"
23-11-2023,Thursday,109,10980,1845,"Veg Shawarma, Non Veg Shawarma, Platters, Desserts, Open Veg Shawarma, Veg Salad, Non Veg Salad, Fries, Extras, Veg Momos, Coolers, Frappes, Beverages"
24-11-2023,Friday,124,12640,1343,"Veg Shawarma, Non Veg Shawarma, Platters, Desserts, Open Non Veg Shawarma, Non Veg Salad, Fries, Extras, Non Veg Momos, Non Veg Grillers, Coolers, Frappes, Beverages"
25-11-2023,Saturday,113,14855,985,"Veg Shawarma, Non Veg Shawarma, Platters, Desserts, Open Veg Shawarma, Open Non Veg Shawarma, Veg Salad, Fries, Extras, Veg Momos, Frappes, Beverages"
26-11-2023,Sunday,165,17340,2753,"Non Veg Shawarma, Platters, Desserts, Open Non Veg Shawarma, Non Veg Salad, Non Veg Momos, Non Veg Grillers, Non Veg Rice Bowl, Coolers, Beverages"
27-11-2023,Monday,101,12650,2334,"Veg Shawarma, Non Veg Shawarma, Desserts, Open Veg Shawarma, Open Non Veg Shawarma, Veg Salad, Fries, Extras, Veg Momos, Veg Grillers, Coolers, Beverages"
28-11-2023,Tuesday,97,9935,2445,"Veg Shawarma, Non Veg Shawarma, Platters, Desserts, Open Veg Shawarma, Open Non Veg Shawarma, Veg Salad, Fries, Coolers, Beverages"
29-11-2023,Wednesday,126,13175,913,"Non Veg Shawarma, Platters, Desserts, Open Veg Shawarma, Open Non Veg Shawarma, Veg Salad, Veg Salad, Non Veg Salad, Fries, Non Veg Momos, Coolers, Frappes, Beverages"
30-11-2023,Thursday,109,11115,1743,"Veg Shawarma, Platters, Open Veg Shawarma, Open Non Veg Shawarma, Veg Salad, Veg Salad, Non Veg Salad, Fries, Non Veg Momos, Frappes, Beverages"
01-12-2023,Friday,122,14745,1464,"Veg Shawarma, Non Veg Shawarma, Platters, Desserts, Non Veg Salad, Fries, Extras, Veg Momos, Non Veg Momos, Non Veg Rice Bowl, Coolers, Beverages"
02-12-2023,Saturday,113,12460,1158,"Veg Shawarma, Non Veg Shawarma, Platters, Desserts, Open Veg Shawarma, Veg Salad, Non Veg Salad, Fries, Extras, Veg Momos, Coolers, Beverages"
03-12-2023,Sunday,166,19545,2145,"Veg Shawarma, Non Veg Shawarma, Desserts, Non Veg Salad, Fries, Extras, Veg Momos, Non Veg Momos, Non Veg Grillers, Coolers, Beverages"
04-12-2023,Monday,102,10130,1275,"Veg Shawarma, Non Veg Shawarma, Platters, Desserts, Open Veg Shawarma, Non Veg Salad, Fries, Extras, Veg Momos, Non Veg Grillers, Veg Rice Bowl, Coolers, Frappes, Beverages"
05-12-2023,Tuesday,97,99525,3234,"Veg Shawarma, Non Veg Shawarma, Desserts, Open Veg Shawarma, Veg Salad, Fries, Coolers, Frappes, Beverages"
06-12-2023,Wednesday,121,14530,2745,"Non Veg Shawarma, Platters, Open Veg Shawarma, Open Non Veg Shawarma, Veg Salad, Veg Salad, Non Veg Salad, Fries, Non Veg Momos, Coolers, Frappes, Beverages"
07-12-2023,Thursday,105,11445,1451,"Veg Shawarma, Non Veg Shawarma, Platters, Desserts, Open Veg Shawarma, Open Non Veg Shawarma, Veg Salad, Fries, Coolers, Frappes, Beverages"
08-12-2023,Friday,132,14645,2873,"Non Veg Shawarma, Platters, Desserts, Open Veg Shawarma, Open Non Veg Shawarma,  Veg Salad, Veg Salad, Non Veg Salad, Fries, Non Veg Momos, Coolers, Frappes, Beverages"
09-12-2023,Saturday,93,12450,1360,"Veg Shawarma, Non Veg Shawarma, Open Veg Shawarma, Open Non Veg Shawarma, Veg Salad, Non Veg Salad,Non Veg Momos, Veg Grillers, Coolers Beverages"
10-12-2023,Sunday,135,19550,2580,"Veg Shawarma, Non Veg Shawarma, Platters, Desserts, Open Non Veg Shawarma, Non Veg Salad, Fries, Extras, Non Veg Momos, Non Veg Grillers, Frappes, Beverages"
11-12-2023,Monday,111,10120,1522,"Veg Shawarma, Non Veg Shawarma, Platters, Desserts, Open Veg Shawarma, Non Veg Salad, Fries, Extras, Veg Momos, Non Veg Grillers, Coolers, Beverages"
12-12-2023,Tuesday,103,99515,1709,"Veg Shawarma, Non Veg Shawarma, Platters, Desserts, Open Veg Shawarma, Veg Salad, Extras, Veg Momos, Coolers, Frappes, Beverages"
13-12-2023,Wednesday,126,14520,2321,"Non Veg Shawarma, Platters, Desserts, Open Non Veg Shawarma, Non Veg Salad, Non Veg Momos, Non Veg Grillers, Coolers, Frappes, Beverages"
14-12-2023,Thursday,117,11545,2467,"Veg Shawarma, Desserts, Open Veg Shawarma, Non Veg Salad, Fries, Extras, Veg Momos, Veg Grillers, Coolers, Beverages"
15-12-2023,Friday,131,16235,1899,"Veg Shawarma, Non Veg Shawarma, Platters, Desserts, Non Veg Salad, Extras, Veg Momos, Non Veg Momos, Non Veg Grillers, Coolers, Beverages"
16-12-2023,Saturday,124,14695,913,"Veg Shawarma, Non Veg Shawarma, Open Veg Shawarma, Open Non Veg Shawarma, Veg Salad, Non Veg Salad,Non Veg Momos, Coolers, Beverages"
17-12-2023,Sunday,145,17855,2743,"Non Veg Shawarma, Platters, Desserts, Open Veg Shawarma, Open Non Veg Shawarma,  Veg Salad, Non Veg Salad, Fries, Non Veg Momos, Non Veg Grillers, Frappes, Beverages"
18-12-2023,Monday,115,11235,1464,"Veg Shawarma, Non Veg Shawarma, Desserts, Open Veg Shawarma, Open Non Veg Shawarma, Veg Salad, Fries, Extras, Veg Momos, Non Veg Momos, Veg Grillers, Coolers, Beverages"
19-12-2023,Tuesday,111,10110,1158,"Veg Shawarma, Non Veg Shawarma, Desserts, Open Non Veg Shawarma, Veg Salad, Extras, Veg Momos, Non Veg Momos, Veg Grillers, Coolers, Frappes, Beverages"
20-12-2023,Wednesday,127,14560,2145,"Veg Shawarma, Non Veg Shawarma, Platters, Desserts, Open Veg Shawarma, Open Non Veg Shawarma, Non Veg Salad, Fries, Extras, Non Veg Momos, Coolers, Frappes, Beverages"
21-12-2023,Thursday,106,11440,1275,"Veg Shawarma, Non Veg Shawarma, Platters, Desserts, Open Veg Shawarma, Veg Salad, Non Veg Salad, Fries, Extras, Veg Momos, Coolers, Frappes, Beverages"
22-12-2023,Friday,135,16970,3234,"Veg Shawarma, Non Veg Shawarma, Platters, Desserts, Open Non Veg Shawarma, Non Veg Salad, Fries, Extras, Non Veg Momos, Non Veg Grillers, Coolers, Frappes, Beverages"
23-12-2023,Saturday,123,14550,2745,"Veg Shawarma, Non Veg Shawarma, Platters, Desserts, Open Veg Shawarma, Open Non Veg Shawarma, Veg Salad, Fries, Extras, Veg Momos, Frappes, Beverages"
24-12-2023,Sunday,167,18865,3451,"Non Veg Shawarma, Platters, Desserts, Non Veg Salad, Non Veg Momos, Non Veg Grillers, Non Veg Rice Bowl, Coolers, Frappes, Beverages"
25-12-2023,Monday,121,14450,2873,"Veg Shawarma, Non Veg Shawarma, Desserts, Open Veg Shawarma, Open Non Veg Shawarma, Veg Salad, Fries, Veg Momos, Veg Grillers, Coolers, Beverages"
26-12-2023,Tuesday,111,10215,1360,"Veg Shawarma, Non Veg Shawarma, Platters, Desserts, Open Veg Shawarma, Open Non Veg Shawarma, Veg Salad, Fries, Extras,Coolers, Frappes, Beverages"
27-12-2023,Wednesday,128,14865,2580,"Non Veg Shawarma, Platters, Desserts, Open Veg Shawarma, Open Non Veg Shawarma, Veg Salad, Veg Salad, Non Veg Salad, Fries, Non Veg Momos, Coolers, Frappes, Beverages"
28-12-2023,Thursday,95,9965,1522,"Non Veg Shawarma, Platters, Open Veg Shawarma, Veg Salad, Non Veg Salad, Fries, Veg Momos, Frappes, Beverages"
29-12-2023,Friday,162,18695,1709,"Veg Shawarma, Non Veg Shawarma, Desserts, Non Veg Salad, Extras, Veg Momos, Non Veg Momos, Non Veg Rice Bowl, Coolers, Beverages"
30-12-2023,Saturday,105,11545,2321,"Veg Shawarma, Non Veg Shawarma, Platters, Desserts, Open Veg Shawarma, Veg Salad, Non Veg Salad, Extras, Veg Momos, Coolers, Beverages"
31-12-2023,Sunday,180,21655,3467,"Veg Shawarma, Non Veg Shawarma, Desserts, Non Veg Salad, Fries, Extras, Veg Momos, Non Veg Momos, Non Veg Grillers, Coolers, Frappes, Beverages"
01-01-2024,Monday,103,10335,1899,"Veg Shawarma, Non Veg Shawarma, Platters, Desserts, Open Veg Shawarma, Non Veg Salad, Fries, Extras, Veg Momos, Non Veg Grillers, Veg Rice Bowl, Coolers, Frappes, Beverages"
02-01-2024,Tuesday,99,9540,1789,"Veg Shawarma, Non Veg Shawarma, Desserts, Open Veg Shawarma, Veg Salad, Fries, Extras, Coolers, Frappes, Beverages"
03-01-2024,Wednesday,122,14510,1265,"Non Veg Shawarma, Platters, Open Non Veg Shawarma, Veg Salad, Non Veg Salad, Fries, Non Veg Momos, Coolers, Frappes, Beverages"
04-01-2024,Thursday,107,10945,1237,"Veg Shawarma, Non Veg Shawarma, Desserts, Open Veg Shawarma, Veg Salad, Fries, Extras, Veg Momos, Veg Momos, Veg Grillers, Coolers, Beverages"
05-01-2024,Friday,132,15285,1435,"Veg Shawarma, Non Veg Shawarma, Desserts, Non Veg Salad, Fries, Extras, Veg Momos, Non Veg Momos, Non Veg Grillers, Non Veg Rice Bowl, Coolers, Frappes, Beverages"
06-01-2024,Saturday,93,9155,438,"Non Veg Shawarma, Desserts, Open Veg Shawarma, Open Non Veg Shawarma, Non Veg Salad, Fries, Non Veg Momos, Frappes, Beverages"
07-01-2024,Sunday,135,16485,6045,"Veg Shawarma, Non Veg Shawarma, Desserts, Open Veg Shawarma, Open Non Veg Shawarma, Non Veg Salad, Fries, Extras, Veg Momos, Non Veg Momos, Veg Grillers, Coolers, Frappes, Beverages"
08-01-2024,Monday,111,11520,989,"Veg Shawarma, Non Veg Shawarma, Platters, Desserts, Non Veg Salad, Extras, Veg Momos, Non Veg Momos, Non Veg Grillers, Coolers, Frappes, Beverages"
09-01-2024,Tuesday,102,10205,1254,"Veg Shawarma, Non Veg Shawarma, Desserts, Open Veg Shawarma, Veg Salad, Fries, Extras, Veg Momos, Veg Grillers, Veg Rice Bowl, Coolers, Beverages"
10-01-2024,Wednesday,120,13510,1678,"Veg Shawarma, Non Veg Shawarma, Platters, Desserts, Open Veg Shawarma, Open Non Veg Shawarma, Non Veg Salad, Extras, Non Veg Momos, Frappes, Beverages"
11-01-2024,Thursday,107,10790,1378,"Veg Shawarma, Non Veg Shawarma, Platters, Open Veg Shawarma, Non Veg Salad, Fries, Extras, Veg Momos, Non Veg Momos, Veg Grillers, Coolers, Frappes, Beverages"
12-01-2024,Friday,132,15855,1364,"Veg Shawarma, Non Veg Shawarma, Desserts, Open Non Veg Shawarma,  Veg Salad, Non Veg Salad, Fries, Extras, Non Veg Momos, Veg Grillers, Coolers, Beverages"
13-01-2024,Saturday,125,13645,1345,"Veg Shawarma, Non Veg Shawarma, Platters, Open Veg Shawarma, Non Veg Salad, Fries, Extras, Non Veg Momos, Coolers, Frappes, Beverages"
14-01-2024,Sunday,154,18755,4687,"Veg Shawarma, Non Veg Shawarma, Desserts, Open Non Veg Shawarma, Non Veg Salad, Extras, Non Veg Momos, Veg Grillers, Non Veg Rice Bowl, Frappes, Beverages"
15-01-2024,Monday,127,15250,1287,"Veg Shawarma, Non Veg Shawarma, Platters, Desserts, Open Veg Shawarma, Non Veg Salad, Fries, Veg Momos, Veg Rice Bowl, Frappes, Beverages"
16-01-2024,Tuesday,113,11625,978,"Veg Shawarma, Non Veg Shawarma, Desserts, Open Veg Shawarma, Veg Salad, Fries, Extras, Veg Momos, Coolers, Frappes, Beverages"
17-01-2024,Wednesday,131,15455,1576,"Non Veg Shawarma, Platters, Open Non Veg Shawarma, Veg Salad, Non Veg Salad, Fries, Veg Momos, Non Veg Momos, Non Veg Grillers, Coolers, Frappes, Beverages"
18-01-2024,Thursday,107,10990,1037,"Veg Shawarma, Non Veg Shawarma, Desserts, Open Veg Shawarma, Veg Salad, Fries, Extras, Veg Momos, Veg Momos, Veg Grillers, Coolers, Beverages"
19-01-2024,Friday,112,12630,1538,"Veg Shawarma, Non Veg Shawarma, Desserts, Non Veg Salad, Extras, Veg Momos, Non Veg Momos, Veg Rice Bowl, Coolers, Beverages"
20-01-2024,Saturday,129,14850,1387,"Veg Shawarma, Non Veg Shawarma, Platters, Desserts, Open Veg Shawarma, Veg Salad, Fries, Extras, Veg Momos, Veg Grillers, Veg Rice Bowl, Coolers, Beverages"
21-01-2024,Sunday,141,17345,4983,"Veg Shawarma, Non Veg Shawarma, Desserts, Open Veg Shawarma, Open Non Veg Shawarma, Non Veg Salad, Veg Momos, Non Veg Momos, Veg Grillers, Coolers, Frappes, Beverages"
22-01-2024,Monday,112,12655,1456,"Veg Shawarma, Non Veg Shawarma, Desserts, Open Veg Shawarma, Veg Salad, Fries, Veg Momos, Veg Grillers, Veg Rice Bowl, Coolers, Beverages"
23-01-2024,Tuesday,100,9925,939,"Veg Shawarma, Non Veg Shawarma, Platters, Desserts, Open Veg Shawarma, Veg Salad, Extras, Veg Momos, Coolers, Frappes, Beverages"
24-01-2024,Wednesday,116,13165,1789,"Veg Shawarma, Non Veg Shawarma, Desserts, Open Veg Shawarma, Open Non Veg Shawarma, Non Veg Salad, Fries, Extras, Non Veg Momos, Non Veg Grillers, Coolers, Frappes, Beverages"
25-01-2024,Thursday,110,11125,1265,"Veg Shawarma, Platters, Open Veg Shawarma, Veg Salad, Fries, Extras, Veg Momos, Veg Grillers, Frappes, Beverages"
26-01-2024,Friday,123,14755,1237,"Veg Shawarma, Non Veg Shawarma, Platters, Desserts, Open Non Veg Shawarma, Non Veg Salad, Fries, Non Veg Momos, Non Veg Rice Bowl, Beverages"
27-01-2024,Saturday,112,12440,1435,"Veg Shawarma, Non Veg Shawarma, Platters, Desserts, Open Non Veg Shawarma, Non Veg Salad, Extras, Non Veg Momos, Frappes, Beverages"
28-01-2024,Sunday,167,19540,5438,"Veg Shawarma, Non Veg Shawarma, Platters, Open Non Veg Shawarma, Non Veg Salad, Non Veg Momos, Veg Grillers, Coolers, Frappes, Beverages"
29-01-2024,Monday,102,10230,1045,"Veg Shawarma, Non Veg Shawarma, Platters, Desserts, Open Non Veg Shawarma,  Non Veg Salad, Extras, Non Veg Momos, Veg Grillers, Coolers, Frappes, Beverages"
30-01-2024,Tuesday,98,9535,989,"Veg Shawarma, Non Veg Shawarma, Desserts, Veg Salad, Fries, Veg Momos, Non Veg Momos, Veg Rice Bowl, Coolers, Frappes, Beverages"
31-01-2024,Wednesday,123,14510,1254,"Non Veg Shawarma, Platters, Desserts, Open Veg Shawarma, Open Non Veg Shawarma, Non Veg Salad, Fries, Non Veg Momos, Coolers, Frappes, Beverages"
01-02-2024,Thursday,108,11245,1678,"Veg Shawarma, Non Veg Shawarma, Platters, Veg Salad, Non Veg Salad, Fries, Extras, Veg Momos, Veg Rice Bowl, Coolers, Frappes, Beverages"
02-02-2024,Friday,123,14750,1378,"Veg Shawarma, Non Veg Shawarma, Open Non Veg Shawarma, Non Veg Salad, Fries, Extras, Veg Momos, Veg Grillers, Veg Rice Bowl, Coolers, Frappes, Beverages"
03-02-2024,Saturday,112,12450,1364,"Veg Shawarma, Non Veg Shawarma, Desserts, Open Veg Shawarma, Veg Salad, Fries, Extras, Veg Momos, Veg Momos, Veg Grillers, Coolers, Beverages"
04-02-2024,Sunday,167,19520,7845,"Non Veg Shawarma, Platters, Desserts, Open Non Veg Shawarma, Veg Salad, Non Veg Salad, Fries, Veg Momos, Non Veg Momos, Non Veg Grillers, Coolers, Frappes, Beverages"
05-02-2024,Monday,102,11330,1343,"Veg Shawarma, Non Veg Shawarma, Open Veg Shawarma, Platters, Desserts, Open Veg Shawarma, Veg Salad, Extras, Veg Momos, Coolers, Beverages"
06-02-2024,Tuesday,98,10545,985,"Veg Shawarma, Non Veg Shawarma, Desserts, Open Veg Shawarma, Veg Salad, Fries, Extras, Veg Momos, Coolers, Beverages"
07-02-2024,Wednesday,123,15520,2753,"Veg Shawarma, Non Veg Shawarma, Desserts, Open Veg Shawarma, Open Non Veg Shawarma, Fries, Extras, Non Veg Momos, Non Veg Grillers, Coolers, Frappes, Beverages"
08-02-2024,Thursday,106,11945,2334,"Veg Shawarma, Non Veg Shawarma, Desserts, Open Non Veg Shawarma,  Non Veg Salad, Extras, Non Veg Momos, Veg Grillers, Coolers, Frappes, Beverages"
09-02-2024,Friday,131,15180,2445,"Veg Shawarma, Non Veg Shawarma, Platters, Desserts, Open Non Veg Shawarma, Non Veg Salad,Extras, Non Veg Momos, Non Veg Rice Bowl, Beverages"
10-02-2024,Saturday,92,99045,913,"Veg Shawarma, Non Veg Shawarma, Platters, Open Veg Shawarma, Veg Salad, Fries, Extras, Veg Momos, Veg Grillers, Frappes, Beverages"
11-02-2024,Sunday,136,16380,2743,"Veg Shawarma, Non Veg Shawarma, Non Veg Salad, Fries, Extras, Veg Momos, Non Veg Momos, Non Veg Grillers, Coolers, Frappes, Beverages"
12-02-2024,Monday,110,13520,1464,"Veg Shawarma, Non Veg Shawarma, Platters, Desserts, Open Veg Shawarma, Veg Salad, Fries, Extras, Veg Momos, Veg Rice Bowl, Coolers, Beverages"
13-02-2024,Tuesday,101,10210,1158,"Veg Shawarma, Non Veg Shawarma, Desserts, Open Veg Shawarma, Veg Salad, Veg Momos, Fries, Extras, Coolers, Frappes, Beverages"
14-02-2024,Wednesday,119,13510,2145,"Veg Shawarma, Non Veg Shawarma, Desserts, Open Veg Shawarma, Open Non Veg Shawarma, Fries, Extras, Non Veg Momos, Non Veg Grillers, Frappes, Beverages"
15-02-2024,Thursday,105,11785,1275,"Veg Shawarma, Non Veg Shawarma, Desserts, Open Veg Shawarma, Veg Salad, Fries, Veg Momos, Veg Grillers, Veg Rice Bowl, Coolers, rappes, Beverages"
16-02-2024,Friday,130,15855,3234,"Non Veg Shawarma, Platters, Desserts, Open Non Veg Shawarma, Non Veg Salad, Non Veg Momos, Non Veg Grillers, Frappes, Beverages"
17-02-2024,Saturday,121,14645,2745,"Veg Shawarma, Non Veg Shawarma, Platters, Open Veg Shawarma, Veg Salad, Non Veg Salad, Fries, Veg Momos, Frappes, Beverages"
18-02-2024,Sunday,156,18750,3451,"Veg Shawarma, Non Veg Shawarma, Desserts, Open Non Veg Shawarma, Non Veg Salad, Fries, Extras, Non Veg Momos, Coolers, Frappes, Beverages"
19-02-2024,Monday,129,15255,2873,"Veg Shawarma, Non Veg Shawarma, Platters, Desserts, Open Veg Shawarma, Veg Salad, Non Veg Salad, Fries, Extras, Non Veg Momos, Coolers, Beverages"
20-02-2024,Tuesday,110,11615,1360,"Veg Shawarma, Non Veg Shawarma, Desserts, Open Non Veg Shawarma, Veg Salad, Extras, Veg Momos, Non Veg Momos, Veg Grillers, Coolers, Frappes, Beverages"
21-02-2024,Wednesday,132,16445,2580,"Non Veg Shawarma, Desserts, Open Veg Shawarma, Open Non Veg Shawarma, Non Veg Salad, Fries, Non Veg Momos, Frappes, Beverages"
22-02-2024,Thursday,106,12980,1522,"Veg Shawarma, Non Veg Shawarma, Desserts, Open Veg Shawarma, Veg Salad, Fries, Extras, Veg Momos, Veg Momos, Veg Grillers, Coolers, Beverages"
23-02-2024,Friday,114,13620,1709,"Veg Shawarma, Non Veg Shawarma, Desserts, Non Veg Salad, Fries, Extras, Veg Momos, Non Veg Momos, Non Veg Rice Bowl, Coolers, Frappes, Beverages"
24-02-2024,Saturday,128,15955,2321,"Veg Shawarma, Non Veg Shawarma, Desserts, Open Veg Shawarma, Open Non Veg Shawarma, Non Veg Salad, Fries, Non Veg Momos, Frappes, Beverages"
25-02-2024,Sunday,140,17355,3467,"Veg Shawarma, Non Veg Shawarma, Desserts, Open Veg Shawarma, Open Non Veg Shawarma, Non Veg Salad, Veg Momos, Non Veg Momos, Coolers, Frappes, Beverages"
26-02-2024,Monday,113,13655,1899,"Veg Shawarma, Non Veg Shawarma, Desserts, Open Veg Shawarma, Veg Salad, Fries, Extras, Veg Momos, Veg Grillers, Veg Rice Bowl, Coolers, Beverages"
27-02-2024,Tuesday,99,12030,990,"Veg Shawarma, Non Veg Shawarma, Platters, Desserts, Open Veg Shawarma, Veg Salad, Fries, Extras, Veg Momos, Coolers, Frappes, Beverages"
28-02-2024,Wednesday,118,14315,1678,"Veg Shawarma, Non Veg Shawarma, Desserts, Open Veg Shawarma, Open Non Veg Shawarma, Non Veg Salad, Extras, Non Veg Momos, Non Veg Grillers, Coolers, Frappes, Beverages"
29-02-2024,Thursday,109,11450,1255,"Veg Shawarma, Platters, Open Veg Shawarma, Veg Salad, Fries, Extras, Veg Momos, Non Veg Grillers, Frappes, Beverages"
01-03-2024,Friday,121,14655,1622,"Veg Shawarma, Non Veg Shawarma, Platters, Desserts, Open Non Veg Shawarma, Non Veg Salad, Fries, Veg Momos, Non Veg Momos, Non Veg Rice Bowl, Beverages"
02-03-2024,Saturday,114,13660,1685,"Veg Shawarma, Non Veg Shawarma, Platters, Desserts, Open Non Veg Shawarma, Non Veg Salad, Fries, Non Veg Momos, Frappes, Beverages"
03-03-2024,Sunday,148,18015,3520,"Veg Shawarma, Non Veg Shawarma, Platters, Open Non Veg Shawarma, Non Veg Salad, Fries, Non Veg Momos, Coolers, Frappes, Beverages"
04-03-2024,Monday,139,10230,1205,"Veg Shawarma, Non Veg Shawarma, Platters, Desserts, Open Non Veg Shawarma, Non Veg Salad, Fries, Extras, Non Veg Momos, Veg Grillers, Coolers, Frappes, Beverages"
05-03-2024,Tuesday,120,14535,2645,"Veg Shawarma, Non Veg Shawarma, Desserts, Veg Salad, Fries, Extras, Veg Momos, Non Veg Momos, Veg Rice Bowl, Frappes, Beverages"
06-03-2024,Wednesday,142,17510,945,"Non Veg Shawarma, Platters, Desserts, Open Veg Shawarma, Open Non Veg Shawarma, Veg Salad, Fries, Non Veg Momos, Coolers, Frappes, Beverages"
07-03-2024,Thursday,102,11045,1023,"Veg Shawarma, Non Veg Shawarma, Platters, Veg Salad, Non Veg Salad, Fries, Extras, Veg Momos, Non Veg Rice Bowl, Coolers, Frappes, Beverages"
08-03-2024,Friday,116,13750,2345,"Veg Shawarma, Non Veg Shawarma, Open Non Veg Shawarma, Non Veg Salad, Fries, Extras, Non Veg Momos, Non Veg Grillers, Coolers, Frappes, Beverages"
09-03-2024,Saturday,124,14450,5349,"Veg Shawarma, Non Veg Shawarma, Desserts, Open Veg Shawarma, Veg Salad, Fries, Extras, Veg Momos, Non Veg Momos, Veg Grillers, Coolers, Beverages"
10-03-2024,Sunday,150,18520,5235,"Veg Shawarma, Non Veg Shawarma, Desserts, Open Veg Shawarma, Open Non Veg Shawarma, Non Veg Salad, Veg Momos, Non Veg Momos, Coolers, Frappes, Beverages"
11-03-2024,Monday,114,12630,5645,"Veg Shawarma, Non Veg Shawarma, Desserts, Open Veg Shawarma, Veg Salad, Fries, Veg Momos, Veg Grillers, Coolers, Beverages"
12-03-2024,Tuesday,99,10545,3245,"Veg Shawarma, Non Veg Shawarma, Platters, Desserts, Open Veg Shawarma, Veg Salad, Fries, Veg Momos, Coolers, Frappes, Beverages"
13-03-2024,Wednesday,128,15530,1256,"Veg Shawarma, Non Veg Shawarma, Desserts, Open Veg Shawarma, Open Non Veg Shawarma, Non Veg Salad, Extras, Non Veg Momos, Frappes, Beverages"
14-03-2024,Thursday,119,12945,945,"Veg Shawarma, Platters, Open Veg Shawarma, Veg Salad, Fries, Extras, Veg Momos, Veg Grillers, Frappes, Beverages"
15-03-2024,Friday,132,16185,2345,"Veg Shawarma, Non Veg Shawarma, Platters, Desserts, Open Non Veg Shawarma, Non Veg Salad, Fries, Non Veg Momos, Coolers, Beverages"
16-03-2024,Saturday,126,14645,913,"Veg Shawarma, Non Veg Shawarma, Platters, Open Veg Shawarma, Veg Salad, Non Veg Salad, Fries, Veg Momos, Frappes, Beverages"
17-03-2024,Sunday,146,18750,2243,"Veg Shawarma, Non Veg Shawarma, Desserts, Open Non Veg Shawarma, Non Veg Salad, Fries, Extras, Non Veg Momos, Coolers, Frappes, Beverages"
18-03-2024,Monday,125,15255,1414,"Veg Shawarma, Non Veg Shawarma, Platters, Desserts, Open Veg Shawarma, Veg Salad, Non Veg Salad, Fries, Extras, Non Veg Momos, Veg Grillers Coolers, Beverages"
19-03-2024,Tuesday,112,11615,1258,"Veg Shawarma, Non Veg Shawarma, Desserts, Open Non Veg Shawarma, Veg Salad, Extras, Veg Momos, Non Veg Momos, Veg Grillers, Coolers, Frappes, Beverages"
20-03-2024,Wednesday,133,16445,2245,"Non Veg Shawarma, Desserts, Open Veg Shawarma, Open Non Veg Shawarma, Non Veg Salad, Fries, Non Veg Momos, Frappes, Beverages"
21-03-2024,Thursday,107,12980,1275,"Veg Shawarma, Non Veg Shawarma, Desserts, Open Veg Shawarma, Veg Salad, Fries, Extras, Veg Momos, Veg Momos, Coolers, Beverages"
22-03-2024,Friday,115,13620,3134,"Veg Shawarma, Non Veg Shawarma, Desserts, Non Veg Salad, Fries, Extras, Veg Momos, Non Veg Momos, Non Veg Rice Bowl, Coolers, Frappes, Beverages"
23-03-2024,Saturday,125,15955,2745,"Veg Shawarma, Non Veg Shawarma, Desserts, Open Veg Shawarma, Open Non Veg Shawarma, Non Veg Salad, Fries, Non Veg Momos, Frappes, Beverages"
24-03-2024,Sunday,141,17345,2743,"Non Veg Shawarma, Platters, Desserts, Open Non Veg Shawarma, Veg Salad, Non Veg Salad, Fries, Veg Momos, Non Veg Momos, Non Veg Grillers, Coolers, Frappes, Beverages"
25-03-2024,Monday,118,12655,1464,"Veg Shawarma, Non Veg Shawarma, Open Veg Shawarma, Platters, Desserts, Open Veg Shawarma, Veg Salad, Extras, Veg Momos, Coolers, Beverages"
26-03-2024,Tuesday,98,9925,1158,"Veg Shawarma, Non Veg Shawarma, Desserts, Open Veg Shawarma, Veg Salad, Fries, Extras, Veg Momos, Coolers, Frappes, Beverages"
27-03-2024,Wednesday,128,13165,2155,"Veg Shawarma, Non Veg Shawarma, Desserts, Open Veg Shawarma, Open Non Veg Shawarma, Fries, Extras, Non Veg Momos, Non Veg Grillers, Coolers, Frappes, Beverages"
28-03-2024,Thursday,99,11125,1255,"Veg Shawarma, Non Veg Shawarma, Desserts, Open Non Veg Shawarma,  Non Veg Salad, Extras, Non Veg Momos, Veg Grillers, Coolers, Frappes, Beverages"
29-03-2024,Friday,122,14755,3134,"Veg Shawarma, Non Veg Shawarma, Platters, Desserts, Open Non Veg Shawarma, Non Veg Salad,Extras, Non Veg Momos, Non Veg Rice Bowl, Beverages"
30-03-2024,Saturday,124,12440,2745,"Veg Shawarma, Non Veg Shawarma, Platters, Open Veg Shawarma, Veg Salad, Fries, Extras, Veg Momos, Veg Grillers, Frappes, Beverages"
31-03-2024,Sunday,148,19540,3451,"Veg Shawarma, Non Veg Shawarma, Non Veg Salad, Fries, Extras, Veg Momos, Non Veg Momos, Non Veg Grillers, Coolers, Frappes, Beverages"